username,signup_date,ref_date,money,time,country
U10000,01/10/2019,01/10/2019,2,89,Canada
U10000,01/10/2019,07/10/2019,0,35,Canada
U10000,01/10/2019,09/10/2019,2,4,Canada
U10000,01/10/2019,10/10/2019,1,5,Canada
U10000,01/10/2019,12/10/2019,1,17,Canada
U10000,01/10/2019,15/10/2019,0,16,Canada
U10001,01/10/2019,01/10/2019,1,134,Canada
U10001,01/10/2019,02/10/2019,2,60,Canada
U10001,01/10/2019,03/10/2019,0,55,Canada
U10001,01/10/2019,04/10/2019,1,77,Canada
U10001,01/10/2019,05/10/2019,0,117,Canada
U10001,01/10/2019,06/10/2019,0,23,Canada
U10002,01/10/2019,01/10/2019,0,110,United States
U10002,01/10/2019,04/10/2019,1,51,United States
U10002,01/10/2019,11/10/2019,1,81,United States
U10002,01/10/2019,12/10/2019,0,21,United States
U10003,01/10/2019,01/10/2019,2,112,United States
U10003,01/10/2019,02/10/2019,1,25,United States
U10003,01/10/2019,03/10/2019,1,12,United States
U10003,01/10/2019,04/10/2019,1,137,United States
U10003,01/10/2019,05/10/2019,1,109,United States
U10003,01/10/2019,06/10/2019,0,97,United States
U10003,01/10/2019,10/10/2019,0,98,United States
U10003,01/10/2019,14/10/2019,1,22,United States
U10004,01/10/2019,01/10/2019,0,206,Canada
U10004,01/10/2019,02/10/2019,0,22,Canada
U10004,01/10/2019,03/10/2019,0,81,Canada
U10004,01/10/2019,04/10/2019,0,115,Canada
U10004,01/10/2019,05/10/2019,2,4,Canada
U10004,01/10/2019,07/10/2019,0,115,Canada
U10004,01/10/2019,08/10/2019,1,24,Canada
U10004,01/10/2019,09/10/2019,0,32,Canada
U10004,01/10/2019,13/10/2019,3,8,Canada
U10004,01/10/2019,15/10/2019,0,66,Canada
U10005,01/10/2019,01/10/2019,2,126,United States
U10005,01/10/2019,02/10/2019,0,100,United States
U10005,01/10/2019,03/10/2019,0,25,United States
U10005,01/10/2019,04/10/2019,0,21,United States
U10005,01/10/2019,05/10/2019,1,77,United States
U10005,01/10/2019,08/10/2019,0,15,United States
U10005,01/10/2019,13/10/2019,0,70,United States
U10005,01/10/2019,15/10/2019,1,72,United States
U10006,01/10/2019,01/10/2019,0,46,Mexico
U10006,01/10/2019,02/10/2019,0,62,Mexico
U10006,01/10/2019,05/10/2019,1,60,Mexico
U10006,01/10/2019,10/10/2019,2,118,Mexico
U10006,01/10/2019,13/10/2019,1,14,Mexico
U10007,01/10/2019,01/10/2019,1,35,Canada
U10007,01/10/2019,02/10/2019,1,108,Canada
U10007,01/10/2019,03/10/2019,1,59,Canada
U10007,01/10/2019,04/10/2019,2,7,Canada
U10007,01/10/2019,05/10/2019,0,29,Canada
U10007,01/10/2019,10/10/2019,1,19,Canada
U10007,01/10/2019,11/10/2019,1,32,Canada
U10008,01/10/2019,01/10/2019,1,64,Canada
U10008,01/10/2019,04/10/2019,3,94,Canada
U10008,01/10/2019,08/10/2019,0,38,Canada
U10008,01/10/2019,09/10/2019,0,32,Canada
U10008,01/10/2019,10/10/2019,0,14,Canada
U10008,01/10/2019,13/10/2019,1,14,Canada
U10008,01/10/2019,14/10/2019,1,101,Canada
U10009,02/10/2019,02/10/2019,0,52,Mexico
U10009,02/10/2019,03/10/2019,0,39,Mexico
U10009,02/10/2019,04/10/2019,0,84,Mexico
U10009,02/10/2019,05/10/2019,0,103,Mexico
U10009,02/10/2019,06/10/2019,0,15,Mexico
U10009,02/10/2019,07/10/2019,0,61,Mexico
U10009,02/10/2019,09/10/2019,3,38,Mexico
U10009,02/10/2019,10/10/2019,1,30,Mexico
U10009,02/10/2019,15/10/2019,1,5,Mexico
U10010,02/10/2019,02/10/2019,0,28,United States
U10010,02/10/2019,03/10/2019,1,81,United States
U10010,02/10/2019,04/10/2019,1,94,United States
U10010,02/10/2019,05/10/2019,1,30,United States
U10010,02/10/2019,06/10/2019,0,112,United States
U10010,02/10/2019,07/10/2019,0,111,United States
U10010,02/10/2019,10/10/2019,0,23,United States
U10011,02/10/2019,02/10/2019,1,146,Brazil
U10011,02/10/2019,03/10/2019,0,2,Brazil
U10011,02/10/2019,05/10/2019,0,30,Brazil
U10011,02/10/2019,08/10/2019,0,20,Brazil
U10011,02/10/2019,14/10/2019,0,59,Brazil
U10012,02/10/2019,02/10/2019,1,61,Canada
U10012,02/10/2019,03/10/2019,3,92,Canada
U10012,02/10/2019,04/10/2019,0,120,Canada
U10012,02/10/2019,05/10/2019,1,0,Canada
U10012,02/10/2019,06/10/2019,0,127,Canada
U10012,02/10/2019,07/10/2019,1,20,Canada
U10012,02/10/2019,08/10/2019,0,4,Canada
U10012,02/10/2019,10/10/2019,2,43,Canada
U10012,02/10/2019,12/10/2019,1,77,Canada
U10012,02/10/2019,14/10/2019,0,19,Canada
U10013,02/10/2019,02/10/2019,0,35,Brazil
U10013,02/10/2019,03/10/2019,0,3,Brazil
U10013,02/10/2019,04/10/2019,0,21,Brazil
U10013,02/10/2019,05/10/2019,2,91,Brazil
U10013,02/10/2019,06/10/2019,3,9,Brazil
U10013,02/10/2019,07/10/2019,0,0,Brazil
U10013,02/10/2019,09/10/2019,0,68,Brazil
U10013,02/10/2019,10/10/2019,0,33,Brazil
U10013,02/10/2019,12/10/2019,0,35,Brazil
U10013,02/10/2019,14/10/2019,1,34,Brazil
U10014,02/10/2019,02/10/2019,1,120,Mexico
U10014,02/10/2019,03/10/2019,0,42,Mexico
U10014,02/10/2019,05/10/2019,0,146,Mexico
U10014,02/10/2019,06/10/2019,0,58,Mexico
U10014,02/10/2019,07/10/2019,1,20,Mexico
U10014,02/10/2019,08/10/2019,0,106,Mexico
U10014,02/10/2019,10/10/2019,2,74,Mexico
U10014,02/10/2019,13/10/2019,0,0,Mexico
U10015,02/10/2019,02/10/2019,1,98,United States
U10015,02/10/2019,04/10/2019,2,92,United States
U10015,02/10/2019,05/10/2019,1,22,United States
U10015,02/10/2019,06/10/2019,0,16,United States
U10015,02/10/2019,10/10/2019,1,188,United States
U10015,02/10/2019,14/10/2019,0,19,United States
U10015,02/10/2019,15/10/2019,0,103,United States
U10016,02/10/2019,02/10/2019,1,40,Mexico
U10016,02/10/2019,04/10/2019,2,27,Mexico
U10016,02/10/2019,05/10/2019,0,3,Mexico
U10016,02/10/2019,09/10/2019,0,1,Mexico
U10016,02/10/2019,11/10/2019,0,115,Mexico
U10016,02/10/2019,13/10/2019,1,52,Mexico
U10017,02/10/2019,02/10/2019,1,57,Brazil
U10017,02/10/2019,04/10/2019,1,2,Brazil
U10017,02/10/2019,05/10/2019,1,96,Brazil
U10017,02/10/2019,07/10/2019,2,157,Brazil
U10017,02/10/2019,08/10/2019,0,52,Brazil
U10017,02/10/2019,09/10/2019,2,26,Brazil
U10017,02/10/2019,10/10/2019,1,17,Brazil
U10017,02/10/2019,11/10/2019,0,121,Brazil
U10017,02/10/2019,14/10/2019,0,30,Brazil
U10017,02/10/2019,15/10/2019,3,114,Brazil
U10018,02/10/2019,02/10/2019,1,134,Brazil
U10018,02/10/2019,03/10/2019,1,54,Brazil
U10018,02/10/2019,05/10/2019,0,9,Brazil
U10018,02/10/2019,07/10/2019,0,32,Brazil
U10018,02/10/2019,08/10/2019,0,52,Brazil
U10018,02/10/2019,12/10/2019,0,82,Brazil
U10018,02/10/2019,13/10/2019,1,1,Brazil
U10018,02/10/2019,14/10/2019,0,75,Brazil
U10019,02/10/2019,02/10/2019,0,24,Mexico
U10019,02/10/2019,04/10/2019,0,4,Mexico
U10019,02/10/2019,05/10/2019,0,135,Mexico
U10019,02/10/2019,06/10/2019,1,152,Mexico
U10019,02/10/2019,07/10/2019,0,22,Mexico
U10019,02/10/2019,09/10/2019,0,68,Mexico
U10019,02/10/2019,13/10/2019,0,29,Mexico
U10019,02/10/2019,14/10/2019,0,47,Mexico
U10020,03/10/2019,03/10/2019,1,36,Canada
U10020,03/10/2019,04/10/2019,1,49,Canada
U10020,03/10/2019,05/10/2019,2,104,Canada
U10020,03/10/2019,06/10/2019,0,14,Canada
U10020,03/10/2019,07/10/2019,0,2,Canada
U10020,03/10/2019,08/10/2019,0,84,Canada
U10020,03/10/2019,09/10/2019,1,18,Canada
U10021,03/10/2019,03/10/2019,3,165,Canada
U10021,03/10/2019,05/10/2019,2,4,Canada
U10021,03/10/2019,07/10/2019,1,30,Canada
U10021,03/10/2019,08/10/2019,0,26,Canada
U10021,03/10/2019,09/10/2019,0,22,Canada
U10021,03/10/2019,11/10/2019,1,9,Canada
U10021,03/10/2019,13/10/2019,0,4,Canada
U10022,03/10/2019,03/10/2019,1,31,Brazil
U10022,03/10/2019,04/10/2019,0,10,Brazil
U10022,03/10/2019,05/10/2019,1,7,Brazil
U10022,03/10/2019,07/10/2019,2,4,Brazil
U10022,03/10/2019,10/10/2019,0,26,Brazil
U10023,03/10/2019,03/10/2019,0,26,Canada
U10023,03/10/2019,04/10/2019,0,66,Canada
U10023,03/10/2019,05/10/2019,1,61,Canada
U10023,03/10/2019,06/10/2019,0,34,Canada
U10023,03/10/2019,07/10/2019,0,38,Canada
U10023,03/10/2019,09/10/2019,1,22,Canada
U10023,03/10/2019,13/10/2019,1,51,Canada
U10024,03/10/2019,03/10/2019,3,38,Mexico
U10024,03/10/2019,04/10/2019,1,43,Mexico
U10024,03/10/2019,05/10/2019,0,33,Mexico
U10024,03/10/2019,07/10/2019,0,14,Mexico
U10024,03/10/2019,08/10/2019,1,27,Mexico
U10024,03/10/2019,09/10/2019,2,26,Mexico
U10024,03/10/2019,10/10/2019,1,55,Mexico
U10025,03/10/2019,03/10/2019,1,173,Brazil
U10025,03/10/2019,05/10/2019,3,26,Brazil
U10025,03/10/2019,06/10/2019,2,17,Brazil
U10025,03/10/2019,07/10/2019,0,13,Brazil
U10025,03/10/2019,09/10/2019,1,13,Brazil
U10025,03/10/2019,10/10/2019,0,4,Brazil
U10025,03/10/2019,14/10/2019,1,15,Brazil
U10025,03/10/2019,15/10/2019,1,56,Brazil
U10026,03/10/2019,03/10/2019,1,72,Brazil
U10026,03/10/2019,04/10/2019,0,23,Brazil
U10026,03/10/2019,05/10/2019,1,3,Brazil
U10026,03/10/2019,06/10/2019,1,56,Brazil
U10026,03/10/2019,07/10/2019,2,87,Brazil
U10026,03/10/2019,10/10/2019,0,14,Brazil
U10026,03/10/2019,11/10/2019,1,57,Brazil
U10026,03/10/2019,14/10/2019,0,28,Brazil
U10027,03/10/2019,03/10/2019,1,126,United States
U10027,03/10/2019,04/10/2019,2,3,United States
U10027,03/10/2019,05/10/2019,0,19,United States
U10027,03/10/2019,06/10/2019,2,176,United States
U10027,03/10/2019,07/10/2019,1,19,United States
U10027,03/10/2019,08/10/2019,0,4,United States
U10027,03/10/2019,12/10/2019,0,12,United States
U10028,03/10/2019,03/10/2019,1,42,Brazil
U10028,03/10/2019,04/10/2019,0,68,Brazil
U10028,03/10/2019,06/10/2019,0,35,Brazil
U10028,03/10/2019,07/10/2019,1,3,Brazil
U10028,03/10/2019,09/10/2019,0,27,Brazil
U10028,03/10/2019,11/10/2019,1,33,Brazil
U10028,03/10/2019,12/10/2019,0,129,Brazil
U10028,03/10/2019,13/10/2019,0,76,Brazil
U10029,03/10/2019,03/10/2019,1,61,Brazil
U10029,03/10/2019,04/10/2019,2,19,Brazil
U10029,03/10/2019,05/10/2019,1,0,Brazil
U10029,03/10/2019,11/10/2019,3,42,Brazil
U10029,03/10/2019,12/10/2019,1,148,Brazil
U10030,03/10/2019,03/10/2019,1,154,United States
U10030,03/10/2019,04/10/2019,1,45,United States
U10030,03/10/2019,07/10/2019,0,35,United States
U10030,03/10/2019,15/10/2019,0,11,United States
U10031,04/10/2019,04/10/2019,0,65,United States
U10031,04/10/2019,07/10/2019,1,68,United States
U10031,04/10/2019,08/10/2019,0,98,United States
U10031,04/10/2019,10/10/2019,2,133,United States
U10031,04/10/2019,11/10/2019,1,22,United States
U10031,04/10/2019,14/10/2019,0,0,United States
U10032,04/10/2019,04/10/2019,0,45,Canada
U10032,04/10/2019,05/10/2019,0,50,Canada
U10032,04/10/2019,06/10/2019,1,17,Canada
U10032,04/10/2019,07/10/2019,0,87,Canada
U10032,04/10/2019,08/10/2019,0,63,Canada
U10032,04/10/2019,09/10/2019,1,33,Canada
U10032,04/10/2019,14/10/2019,0,23,Canada
U10033,04/10/2019,04/10/2019,1,97,Canada
U10033,04/10/2019,05/10/2019,1,0,Canada
U10033,04/10/2019,06/10/2019,1,105,Canada
U10033,04/10/2019,07/10/2019,0,112,Canada
U10033,04/10/2019,08/10/2019,0,57,Canada
U10033,04/10/2019,09/10/2019,1,16,Canada
U10033,04/10/2019,10/10/2019,1,8,Canada
U10033,04/10/2019,11/10/2019,0,9,Canada
U10033,04/10/2019,12/10/2019,0,48,Canada
U10034,04/10/2019,04/10/2019,2,49,Mexico
U10034,04/10/2019,05/10/2019,0,128,Mexico
U10034,04/10/2019,08/10/2019,1,16,Mexico
U10034,04/10/2019,09/10/2019,2,9,Mexico
U10034,04/10/2019,10/10/2019,1,14,Mexico
U10034,04/10/2019,11/10/2019,2,32,Mexico
U10035,04/10/2019,04/10/2019,0,119,Mexico
U10035,04/10/2019,07/10/2019,0,11,Mexico
U10035,04/10/2019,08/10/2019,0,33,Mexico
U10035,04/10/2019,09/10/2019,1,154,Mexico
U10035,04/10/2019,11/10/2019,0,61,Mexico
U10035,04/10/2019,15/10/2019,3,35,Mexico
U10036,04/10/2019,04/10/2019,3,111,Mexico
U10036,04/10/2019,05/10/2019,2,143,Mexico
U10036,04/10/2019,07/10/2019,1,35,Mexico
U10036,04/10/2019,08/10/2019,2,93,Mexico
U10036,04/10/2019,11/10/2019,1,51,Mexico
U10037,04/10/2019,04/10/2019,0,25,Mexico
U10037,04/10/2019,05/10/2019,0,10,Mexico
U10037,04/10/2019,07/10/2019,0,18,Mexico
U10037,04/10/2019,08/10/2019,0,16,Mexico
U10037,04/10/2019,12/10/2019,1,11,Mexico
U10037,04/10/2019,13/10/2019,0,71,Mexico
U10038,04/10/2019,04/10/2019,0,178,Brazil
U10038,04/10/2019,05/10/2019,0,13,Brazil
U10038,04/10/2019,06/10/2019,0,174,Brazil
U10038,04/10/2019,07/10/2019,1,0,Brazil
U10038,04/10/2019,08/10/2019,1,30,Brazil
U10038,04/10/2019,10/10/2019,1,68,Brazil
U10038,04/10/2019,11/10/2019,2,29,Brazil
U10038,04/10/2019,14/10/2019,1,16,Brazil
U10039,04/10/2019,04/10/2019,0,141,Canada
U10039,04/10/2019,05/10/2019,0,133,Canada
U10039,04/10/2019,06/10/2019,0,71,Canada
U10039,04/10/2019,07/10/2019,2,6,Canada
U10039,04/10/2019,09/10/2019,0,0,Canada
U10039,04/10/2019,13/10/2019,1,25,Canada
U10040,04/10/2019,04/10/2019,1,68,Canada
U10040,04/10/2019,06/10/2019,1,138,Canada
U10040,04/10/2019,12/10/2019,1,31,Canada
U10041,04/10/2019,04/10/2019,1,144,Brazil
U10041,04/10/2019,05/10/2019,0,80,Brazil
U10041,04/10/2019,06/10/2019,2,144,Brazil
U10041,04/10/2019,07/10/2019,0,0,Brazil
U10041,04/10/2019,08/10/2019,3,63,Brazil
U10041,04/10/2019,09/10/2019,1,18,Brazil
U10041,04/10/2019,10/10/2019,2,32,Brazil
U10041,04/10/2019,12/10/2019,2,128,Brazil
U10041,04/10/2019,13/10/2019,0,126,Brazil
U10041,04/10/2019,14/10/2019,0,35,Brazil
U10042,04/10/2019,04/10/2019,2,62,Mexico
U10042,04/10/2019,07/10/2019,0,0,Mexico
U10042,04/10/2019,10/10/2019,0,76,Mexico
U10042,04/10/2019,12/10/2019,0,21,Mexico
U10043,04/10/2019,04/10/2019,1,43,Mexico
U10043,04/10/2019,05/10/2019,1,31,Mexico
U10043,04/10/2019,06/10/2019,0,0,Mexico
U10043,04/10/2019,07/10/2019,3,37,Mexico
U10043,04/10/2019,08/10/2019,2,6,Mexico
U10043,04/10/2019,09/10/2019,0,37,Mexico
U10043,04/10/2019,14/10/2019,0,32,Mexico
U10044,04/10/2019,04/10/2019,2,23,Brazil
U10044,04/10/2019,05/10/2019,0,55,Brazil
U10044,04/10/2019,06/10/2019,1,49,Brazil
U10044,04/10/2019,07/10/2019,0,24,Brazil
U10044,04/10/2019,08/10/2019,0,33,Brazil
U10044,04/10/2019,09/10/2019,1,76,Brazil
U10044,04/10/2019,10/10/2019,0,1,Brazil
U10044,04/10/2019,14/10/2019,2,79,Brazil
U10045,04/10/2019,04/10/2019,1,159,Mexico
U10045,04/10/2019,05/10/2019,2,34,Mexico
U10045,04/10/2019,06/10/2019,0,90,Mexico
U10045,04/10/2019,08/10/2019,1,22,Mexico
U10045,04/10/2019,10/10/2019,1,20,Mexico
U10045,04/10/2019,15/10/2019,1,74,Mexico
U10046,05/10/2019,05/10/2019,1,123,Brazil
U10046,05/10/2019,06/10/2019,2,16,Brazil
U10046,05/10/2019,07/10/2019,0,36,Brazil
U10046,05/10/2019,08/10/2019,1,11,Brazil
U10046,05/10/2019,09/10/2019,1,29,Brazil
U10046,05/10/2019,10/10/2019,0,7,Brazil
U10046,05/10/2019,11/10/2019,0,33,Brazil
U10046,05/10/2019,14/10/2019,0,44,Brazil
U10047,05/10/2019,05/10/2019,2,34,Mexico
U10047,05/10/2019,06/10/2019,2,74,Mexico
U10047,05/10/2019,07/10/2019,2,15,Mexico
U10047,05/10/2019,08/10/2019,2,40,Mexico
U10047,05/10/2019,09/10/2019,1,145,Mexico
U10047,05/10/2019,10/10/2019,3,89,Mexico
U10047,05/10/2019,12/10/2019,0,87,Mexico
U10048,05/10/2019,05/10/2019,1,42,Mexico
U10048,05/10/2019,06/10/2019,0,82,Mexico
U10048,05/10/2019,07/10/2019,0,44,Mexico
U10048,05/10/2019,08/10/2019,0,104,Mexico
U10048,05/10/2019,09/10/2019,0,0,Mexico
U10048,05/10/2019,10/10/2019,1,16,Mexico
U10048,05/10/2019,14/10/2019,3,33,Mexico
U10049,05/10/2019,05/10/2019,0,166,Brazil
U10049,05/10/2019,07/10/2019,0,67,Brazil
U10049,05/10/2019,10/10/2019,1,0,Brazil
U10049,05/10/2019,13/10/2019,0,7,Brazil
U10050,05/10/2019,05/10/2019,1,66,Brazil
U10050,05/10/2019,06/10/2019,2,5,Brazil
U10050,05/10/2019,07/10/2019,0,95,Brazil
U10050,05/10/2019,08/10/2019,2,100,Brazil
U10050,05/10/2019,09/10/2019,0,8,Brazil
U10050,05/10/2019,12/10/2019,3,112,Brazil
U10050,05/10/2019,14/10/2019,0,8,Brazil
U10051,05/10/2019,05/10/2019,2,130,Brazil
U10051,05/10/2019,06/10/2019,1,29,Brazil
U10051,05/10/2019,07/10/2019,0,15,Brazil
U10051,05/10/2019,09/10/2019,1,56,Brazil
U10051,05/10/2019,12/10/2019,0,2,Brazil
U10051,05/10/2019,14/10/2019,1,28,Brazil
U10052,05/10/2019,05/10/2019,1,68,Canada
U10052,05/10/2019,06/10/2019,0,41,Canada
U10052,05/10/2019,08/10/2019,1,177,Canada
U10052,05/10/2019,09/10/2019,1,9,Canada
U10052,05/10/2019,10/10/2019,0,13,Canada
U10052,05/10/2019,12/10/2019,1,57,Canada
U10052,05/10/2019,13/10/2019,0,17,Canada
U10052,05/10/2019,14/10/2019,1,163,Canada
U10053,05/10/2019,05/10/2019,1,43,Mexico
U10053,05/10/2019,07/10/2019,1,96,Mexico
U10053,05/10/2019,09/10/2019,2,69,Mexico
U10053,05/10/2019,10/10/2019,0,21,Mexico
U10053,05/10/2019,11/10/2019,2,52,Mexico
U10053,05/10/2019,12/10/2019,0,36,Mexico
U10053,05/10/2019,15/10/2019,1,35,Mexico
U10054,05/10/2019,05/10/2019,1,66,United States
U10054,05/10/2019,07/10/2019,1,10,United States
U10054,05/10/2019,08/10/2019,0,95,United States
U10054,05/10/2019,09/10/2019,0,42,United States
U10054,05/10/2019,10/10/2019,0,39,United States
U10054,05/10/2019,13/10/2019,1,0,United States
U10054,05/10/2019,14/10/2019,0,93,United States
U10055,05/10/2019,05/10/2019,0,100,Brazil
U10055,05/10/2019,06/10/2019,1,41,Brazil
U10055,05/10/2019,07/10/2019,0,76,Brazil
U10055,05/10/2019,08/10/2019,1,82,Brazil
U10055,05/10/2019,09/10/2019,0,43,Brazil
U10055,05/10/2019,11/10/2019,0,52,Brazil
U10055,05/10/2019,13/10/2019,1,2,Brazil
U10055,05/10/2019,14/10/2019,0,0,Brazil
U10055,05/10/2019,15/10/2019,0,1,Brazil
U10056,05/10/2019,05/10/2019,0,42,Mexico
U10056,05/10/2019,06/10/2019,0,4,Mexico
U10056,05/10/2019,07/10/2019,0,1,Mexico
U10056,05/10/2019,09/10/2019,2,42,Mexico
U10056,05/10/2019,10/10/2019,1,14,Mexico
U10056,05/10/2019,11/10/2019,0,3,Mexico
U10056,05/10/2019,13/10/2019,0,12,Mexico
U10056,05/10/2019,14/10/2019,0,8,Mexico
U10057,05/10/2019,05/10/2019,0,24,United States
U10057,05/10/2019,06/10/2019,0,18,United States
U10057,05/10/2019,07/10/2019,1,26,United States
U10057,05/10/2019,08/10/2019,0,89,United States
U10057,05/10/2019,09/10/2019,0,5,United States
U10057,05/10/2019,10/10/2019,1,25,United States
U10057,05/10/2019,12/10/2019,1,37,United States
U10057,05/10/2019,15/10/2019,0,145,United States
U10058,06/10/2019,06/10/2019,0,32,United States
U10058,06/10/2019,07/10/2019,2,0,United States
U10058,06/10/2019,08/10/2019,0,89,United States
U10058,06/10/2019,09/10/2019,0,67,United States
U10058,06/10/2019,12/10/2019,2,129,United States
U10058,06/10/2019,13/10/2019,0,13,United States
U10058,06/10/2019,15/10/2019,1,60,United States
U10059,06/10/2019,06/10/2019,0,36,Canada
U10059,06/10/2019,07/10/2019,1,107,Canada
U10059,06/10/2019,08/10/2019,0,2,Canada
U10059,06/10/2019,09/10/2019,2,8,Canada
U10059,06/10/2019,10/10/2019,0,48,Canada
U10059,06/10/2019,11/10/2019,1,183,Canada
U10060,06/10/2019,06/10/2019,0,117,United States
U10060,06/10/2019,07/10/2019,2,28,United States
U10060,06/10/2019,08/10/2019,1,39,United States
U10060,06/10/2019,09/10/2019,0,8,United States
U10060,06/10/2019,11/10/2019,1,96,United States
U10060,06/10/2019,12/10/2019,1,3,United States
U10060,06/10/2019,15/10/2019,2,9,United States
U10061,06/10/2019,06/10/2019,0,46,Mexico
U10061,06/10/2019,07/10/2019,0,53,Mexico
U10061,06/10/2019,08/10/2019,1,80,Mexico
U10061,06/10/2019,09/10/2019,3,17,Mexico
U10061,06/10/2019,10/10/2019,0,20,Mexico
U10061,06/10/2019,11/10/2019,1,4,Mexico
U10061,06/10/2019,12/10/2019,1,4,Mexico
U10061,06/10/2019,14/10/2019,1,53,Mexico
U10062,06/10/2019,06/10/2019,0,82,Mexico
U10062,06/10/2019,07/10/2019,2,151,Mexico
U10062,06/10/2019,08/10/2019,3,127,Mexico
U10062,06/10/2019,09/10/2019,1,41,Mexico
U10062,06/10/2019,10/10/2019,3,62,Mexico
U10062,06/10/2019,11/10/2019,1,18,Mexico
U10062,06/10/2019,14/10/2019,1,0,Mexico
U10063,06/10/2019,06/10/2019,0,126,Canada
U10063,06/10/2019,08/10/2019,0,0,Canada
U10063,06/10/2019,09/10/2019,0,7,Canada
U10064,06/10/2019,06/10/2019,2,42,Mexico
U10064,06/10/2019,07/10/2019,1,19,Mexico
U10064,06/10/2019,14/10/2019,0,54,Mexico
U10064,06/10/2019,15/10/2019,2,14,Mexico
U10065,06/10/2019,06/10/2019,0,40,United States
U10065,06/10/2019,07/10/2019,0,24,United States
U10065,06/10/2019,08/10/2019,0,16,United States
U10065,06/10/2019,10/10/2019,1,20,United States
U10065,06/10/2019,12/10/2019,3,132,United States
U10066,06/10/2019,06/10/2019,1,31,Mexico
U10066,06/10/2019,08/10/2019,0,27,Mexico
U10066,06/10/2019,09/10/2019,0,6,Mexico
U10066,06/10/2019,10/10/2019,0,20,Mexico
U10066,06/10/2019,11/10/2019,2,0,Mexico
U10066,06/10/2019,12/10/2019,0,47,Mexico
U10067,07/10/2019,07/10/2019,0,75,Brazil
U10067,07/10/2019,08/10/2019,2,69,Brazil
U10067,07/10/2019,09/10/2019,2,55,Brazil
U10067,07/10/2019,11/10/2019,1,3,Brazil
U10067,07/10/2019,12/10/2019,1,85,Brazil
U10068,07/10/2019,07/10/2019,2,45,Brazil
U10068,07/10/2019,08/10/2019,1,9,Brazil
U10068,07/10/2019,09/10/2019,0,137,Brazil
U10068,07/10/2019,11/10/2019,2,31,Brazil
U10068,07/10/2019,12/10/2019,0,27,Brazil
U10068,07/10/2019,14/10/2019,1,3,Brazil
U10069,07/10/2019,07/10/2019,2,91,Brazil
U10069,07/10/2019,08/10/2019,3,73,Brazil
U10069,07/10/2019,09/10/2019,1,9,Brazil
U10069,07/10/2019,10/10/2019,0,23,Brazil
U10069,07/10/2019,11/10/2019,1,1,Brazil
U10069,07/10/2019,12/10/2019,3,6,Brazil
U10069,07/10/2019,13/10/2019,1,52,Brazil
U10069,07/10/2019,14/10/2019,2,52,Brazil
U10070,07/10/2019,07/10/2019,2,112,Canada
U10070,07/10/2019,08/10/2019,1,26,Canada
U10070,07/10/2019,09/10/2019,1,3,Canada
U10070,07/10/2019,11/10/2019,1,39,Canada
U10070,07/10/2019,12/10/2019,1,0,Canada
U10070,07/10/2019,13/10/2019,0,50,Canada
U10071,07/10/2019,07/10/2019,3,162,Mexico
U10071,07/10/2019,08/10/2019,0,62,Mexico
U10071,07/10/2019,10/10/2019,0,49,Mexico
U10071,07/10/2019,11/10/2019,0,14,Mexico
U10071,07/10/2019,14/10/2019,0,0,Mexico
U10071,07/10/2019,15/10/2019,1,17,Mexico
U10072,07/10/2019,07/10/2019,0,210,Canada
U10072,07/10/2019,08/10/2019,1,9,Canada
U10072,07/10/2019,09/10/2019,0,50,Canada
U10072,07/10/2019,13/10/2019,0,8,Canada
U10072,07/10/2019,14/10/2019,2,49,Canada
U10072,07/10/2019,15/10/2019,2,6,Canada
U10073,07/10/2019,07/10/2019,0,25,Canada
U10073,07/10/2019,11/10/2019,2,19,Canada
U10073,07/10/2019,13/10/2019,1,144,Canada
U10073,07/10/2019,15/10/2019,0,6,Canada
U10074,07/10/2019,07/10/2019,0,117,Brazil
U10074,07/10/2019,08/10/2019,0,32,Brazil
U10074,07/10/2019,09/10/2019,0,0,Brazil
U10074,07/10/2019,10/10/2019,2,60,Brazil
U10074,07/10/2019,12/10/2019,0,41,Brazil
U10074,07/10/2019,13/10/2019,0,106,Brazil
U10074,07/10/2019,14/10/2019,1,29,Brazil
U10074,07/10/2019,15/10/2019,0,121,Brazil
U10075,07/10/2019,07/10/2019,3,115,United States
U10075,07/10/2019,08/10/2019,0,2,United States
U10075,07/10/2019,09/10/2019,1,21,United States
U10075,07/10/2019,10/10/2019,0,26,United States
U10075,07/10/2019,12/10/2019,0,70,United States
U10075,07/10/2019,14/10/2019,2,65,United States
U10076,08/10/2019,08/10/2019,1,101,Brazil
U10076,08/10/2019,09/10/2019,1,50,Brazil
U10076,08/10/2019,10/10/2019,0,68,Brazil
U10077,08/10/2019,08/10/2019,0,24,United States
U10077,08/10/2019,09/10/2019,1,5,United States
U10077,08/10/2019,15/10/2019,1,1,United States
U10078,08/10/2019,08/10/2019,0,66,Mexico
U10078,08/10/2019,09/10/2019,1,0,Mexico
U10078,08/10/2019,10/10/2019,1,5,Mexico
U10078,08/10/2019,11/10/2019,1,19,Mexico
U10078,08/10/2019,12/10/2019,0,105,Mexico
U10078,08/10/2019,13/10/2019,1,144,Mexico
U10078,08/10/2019,14/10/2019,3,77,Mexico
U10079,08/10/2019,08/10/2019,1,49,United States
U10079,08/10/2019,10/10/2019,1,3,United States
U10079,08/10/2019,11/10/2019,2,25,United States
U10080,08/10/2019,08/10/2019,1,55,Brazil
U10080,08/10/2019,09/10/2019,1,107,Brazil
U10080,08/10/2019,10/10/2019,2,23,Brazil
U10080,08/10/2019,11/10/2019,1,1,Brazil
U10080,08/10/2019,12/10/2019,0,73,Brazil
U10080,08/10/2019,15/10/2019,1,30,Brazil
U10081,08/10/2019,08/10/2019,0,190,United States
U10081,08/10/2019,09/10/2019,0,100,United States
U10081,08/10/2019,10/10/2019,0,60,United States
U10081,08/10/2019,11/10/2019,1,44,United States
U10081,08/10/2019,12/10/2019,0,90,United States
U10081,08/10/2019,15/10/2019,1,10,United States
U10082,08/10/2019,08/10/2019,0,29,Mexico
U10082,08/10/2019,09/10/2019,2,36,Mexico
U10082,08/10/2019,11/10/2019,1,72,Mexico
U10082,08/10/2019,12/10/2019,1,18,Mexico
U10082,08/10/2019,13/10/2019,0,6,Mexico
U10082,08/10/2019,15/10/2019,1,68,Mexico
U10083,08/10/2019,08/10/2019,2,39,United States
U10083,08/10/2019,09/10/2019,2,60,United States
U10083,08/10/2019,10/10/2019,0,109,United States
U10083,08/10/2019,11/10/2019,1,28,United States
U10083,08/10/2019,12/10/2019,0,49,United States
U10083,08/10/2019,15/10/2019,2,29,United States
U10084,08/10/2019,08/10/2019,0,128,Mexico
U10084,08/10/2019,09/10/2019,1,96,Mexico
U10084,08/10/2019,10/10/2019,1,11,Mexico
U10084,08/10/2019,11/10/2019,0,29,Mexico
U10084,08/10/2019,12/10/2019,2,13,Mexico
U10084,08/10/2019,13/10/2019,1,15,Mexico
U10084,08/10/2019,14/10/2019,0,0,Mexico
U10085,08/10/2019,08/10/2019,0,28,Brazil
U10085,08/10/2019,09/10/2019,0,56,Brazil
U10085,08/10/2019,10/10/2019,2,86,Brazil
U10085,08/10/2019,12/10/2019,1,28,Brazil
U10085,08/10/2019,13/10/2019,0,150,Brazil
U10085,08/10/2019,14/10/2019,0,50,Brazil
U10085,08/10/2019,15/10/2019,1,141,Brazil
U10086,08/10/2019,08/10/2019,0,74,Mexico
U10086,08/10/2019,10/10/2019,1,82,Mexico
U10086,08/10/2019,11/10/2019,0,60,Mexico
U10086,08/10/2019,13/10/2019,3,35,Mexico
U10086,08/10/2019,14/10/2019,1,76,Mexico
U10087,08/10/2019,08/10/2019,1,45,United States
U10087,08/10/2019,09/10/2019,1,96,United States
U10087,08/10/2019,10/10/2019,2,17,United States
U10087,08/10/2019,11/10/2019,2,36,United States
U10087,08/10/2019,12/10/2019,0,33,United States
U10087,08/10/2019,13/10/2019,2,82,United States
U10087,08/10/2019,14/10/2019,2,7,United States
U10088,08/10/2019,08/10/2019,1,23,Canada
U10088,08/10/2019,10/10/2019,1,109,Canada
U10088,08/10/2019,11/10/2019,1,5,Canada
U10088,08/10/2019,12/10/2019,1,98,Canada
U10088,08/10/2019,13/10/2019,0,126,Canada
U10088,08/10/2019,14/10/2019,1,27,Canada
U10089,08/10/2019,08/10/2019,0,66,Canada
U10089,08/10/2019,09/10/2019,0,49,Canada
U10089,08/10/2019,13/10/2019,1,57,Canada
U10090,09/10/2019,09/10/2019,1,26,Canada
U10090,09/10/2019,11/10/2019,1,31,Canada
U10090,09/10/2019,14/10/2019,1,27,Canada
U10090,09/10/2019,15/10/2019,1,23,Canada
U10091,09/10/2019,09/10/2019,1,177,Canada
U10091,09/10/2019,10/10/2019,2,15,Canada
U10091,09/10/2019,12/10/2019,1,32,Canada
U10091,09/10/2019,13/10/2019,1,0,Canada
U10091,09/10/2019,15/10/2019,2,95,Canada
U10092,09/10/2019,09/10/2019,1,23,Canada
U10092,09/10/2019,10/10/2019,1,49,Canada
U10092,09/10/2019,11/10/2019,1,108,Canada
U10092,09/10/2019,12/10/2019,2,50,Canada
U10092,09/10/2019,13/10/2019,1,106,Canada
U10092,09/10/2019,14/10/2019,0,8,Canada
U10092,09/10/2019,15/10/2019,2,9,Canada
U10093,09/10/2019,09/10/2019,2,60,United States
U10093,09/10/2019,10/10/2019,1,27,United States
U10093,09/10/2019,11/10/2019,0,18,United States
U10093,09/10/2019,12/10/2019,2,32,United States
U10093,09/10/2019,13/10/2019,0,14,United States
U10094,09/10/2019,09/10/2019,1,62,Canada
U10094,09/10/2019,10/10/2019,3,0,Canada
U10094,09/10/2019,11/10/2019,1,1,Canada
U10094,09/10/2019,12/10/2019,2,173,Canada
U10094,09/10/2019,14/10/2019,1,73,Canada
U10095,09/10/2019,09/10/2019,2,70,Mexico
U10095,09/10/2019,11/10/2019,1,120,Mexico
U10095,09/10/2019,12/10/2019,1,4,Mexico
U10095,09/10/2019,13/10/2019,2,15,Mexico
U10095,09/10/2019,14/10/2019,0,35,Mexico
U10095,09/10/2019,15/10/2019,2,4,Mexico
U10096,09/10/2019,09/10/2019,2,27,Mexico
U10096,09/10/2019,11/10/2019,1,2,Mexico
U10096,09/10/2019,12/10/2019,2,0,Mexico
U10096,09/10/2019,14/10/2019,1,26,Mexico
U10096,09/10/2019,15/10/2019,1,2,Mexico
U10097,09/10/2019,09/10/2019,2,167,Canada
U10097,09/10/2019,10/10/2019,2,96,Canada
U10097,09/10/2019,11/10/2019,0,3,Canada
U10097,09/10/2019,12/10/2019,2,90,Canada
U10097,09/10/2019,14/10/2019,2,49,Canada
U10098,09/10/2019,09/10/2019,1,70,Canada
U10098,09/10/2019,10/10/2019,2,120,Canada
U10098,09/10/2019,11/10/2019,2,13,Canada
U10098,09/10/2019,12/10/2019,1,10,Canada
U10099,09/10/2019,09/10/2019,1,29,Brazil
U10099,09/10/2019,10/10/2019,1,15,Brazil
U10099,09/10/2019,12/10/2019,1,20,Brazil
U10100,09/10/2019,09/10/2019,1,107,Mexico
U10100,09/10/2019,10/10/2019,1,52,Mexico
U10100,09/10/2019,11/10/2019,1,53,Mexico
U10100,09/10/2019,14/10/2019,3,5,Mexico
U10100,09/10/2019,15/10/2019,1,26,Mexico
U10101,10/10/2019,10/10/2019,1,71,Canada
U10101,10/10/2019,11/10/2019,1,71,Canada
U10101,10/10/2019,13/10/2019,1,81,Canada
U10102,10/10/2019,10/10/2019,0,28,Canada
U10102,10/10/2019,11/10/2019,1,20,Canada
U10102,10/10/2019,13/10/2019,2,16,Canada
U10102,10/10/2019,14/10/2019,1,9,Canada
U10103,10/10/2019,10/10/2019,0,50,United States
U10103,10/10/2019,11/10/2019,2,6,United States
U10103,10/10/2019,12/10/2019,2,135,United States
U10103,10/10/2019,13/10/2019,0,67,United States
U10103,10/10/2019,14/10/2019,2,26,United States
U10103,10/10/2019,15/10/2019,3,10,United States
U10104,10/10/2019,10/10/2019,0,208,United States
U10104,10/10/2019,11/10/2019,1,37,United States
U10104,10/10/2019,12/10/2019,1,5,United States
U10105,10/10/2019,10/10/2019,1,35,Canada
U10105,10/10/2019,11/10/2019,2,106,Canada
U10105,10/10/2019,12/10/2019,2,61,Canada
U10105,10/10/2019,14/10/2019,1,8,Canada
U10105,10/10/2019,15/10/2019,2,78,Canada
U10106,10/10/2019,10/10/2019,2,86,United States
U10106,10/10/2019,11/10/2019,0,56,United States
U10106,10/10/2019,12/10/2019,1,14,United States
U10106,10/10/2019,13/10/2019,0,6,United States
U10107,10/10/2019,10/10/2019,1,26,Brazil
U10107,10/10/2019,11/10/2019,1,3,Brazil
U10107,10/10/2019,12/10/2019,1,132,Brazil
U10107,10/10/2019,13/10/2019,1,33,Brazil
U10107,10/10/2019,14/10/2019,2,138,Brazil
U10108,10/10/2019,10/10/2019,1,95,United States
U10108,10/10/2019,11/10/2019,2,5,United States
U10108,10/10/2019,12/10/2019,3,12,United States
U10108,10/10/2019,13/10/2019,1,12,United States
U10109,10/10/2019,10/10/2019,2,93,Brazil
U10109,10/10/2019,12/10/2019,1,4,Brazil
U10109,10/10/2019,13/10/2019,1,20,Brazil
U10109,10/10/2019,14/10/2019,1,22,Brazil
U10109,10/10/2019,15/10/2019,1,103,Brazil
U10110,10/10/2019,10/10/2019,2,101,Brazil
U10110,10/10/2019,11/10/2019,1,139,Brazil
U10110,10/10/2019,12/10/2019,1,45,Brazil
U10110,10/10/2019,13/10/2019,2,3,Brazil
U10110,10/10/2019,14/10/2019,2,5,Brazil
U10110,10/10/2019,15/10/2019,2,92,Brazil
U10111,11/10/2019,11/10/2019,2,177,Canada
U10111,11/10/2019,13/10/2019,1,3,Canada
U10111,11/10/2019,14/10/2019,1,49,Canada
U10111,11/10/2019,15/10/2019,2,50,Canada
U10112,11/10/2019,11/10/2019,1,27,Brazil
U10112,11/10/2019,12/10/2019,1,14,Brazil
U10112,11/10/2019,13/10/2019,2,91,Brazil
U10112,11/10/2019,14/10/2019,0,26,Brazil
U10113,11/10/2019,11/10/2019,2,109,Mexico
U10113,11/10/2019,12/10/2019,2,24,Mexico
U10113,11/10/2019,14/10/2019,1,47,Mexico
U10113,11/10/2019,15/10/2019,1,56,Mexico
U10114,11/10/2019,11/10/2019,2,45,Canada
U10114,11/10/2019,12/10/2019,1,49,Canada
U10114,11/10/2019,14/10/2019,2,58,Canada
U10115,11/10/2019,11/10/2019,1,103,Mexico
U10115,11/10/2019,13/10/2019,1,18,Mexico
U10115,11/10/2019,14/10/2019,2,51,Mexico
U10115,11/10/2019,15/10/2019,2,0,Mexico
U10116,11/10/2019,11/10/2019,1,82,Brazil
U10116,11/10/2019,12/10/2019,0,111,Brazil
U10116,11/10/2019,14/10/2019,2,13,Brazil
U10116,11/10/2019,15/10/2019,2,148,Brazil
U10117,11/10/2019,11/10/2019,1,124,Brazil
U10117,11/10/2019,13/10/2019,0,26,Brazil
U10118,11/10/2019,11/10/2019,1,133,Brazil
U10118,11/10/2019,12/10/2019,0,113,Brazil
U10119,11/10/2019,11/10/2019,1,81,Brazil
U10119,11/10/2019,12/10/2019,1,14,Brazil
U10119,11/10/2019,14/10/2019,1,192,Brazil
U10119,11/10/2019,15/10/2019,1,39,Brazil
U10120,11/10/2019,11/10/2019,1,24,Mexico
U10120,11/10/2019,12/10/2019,1,31,Mexico
U10120,11/10/2019,13/10/2019,2,60,Mexico
U10120,11/10/2019,15/10/2019,2,0,Mexico
U10121,12/10/2019,12/10/2019,1,25,United States
U10121,12/10/2019,13/10/2019,3,0,United States
U10121,12/10/2019,15/10/2019,2,43,United States
U10122,12/10/2019,12/10/2019,3,36,United States
U10122,12/10/2019,14/10/2019,2,0,United States
U10123,12/10/2019,12/10/2019,0,44,Canada
U10123,12/10/2019,13/10/2019,1,116,Canada
U10123,12/10/2019,15/10/2019,2,84,Canada
U10124,12/10/2019,12/10/2019,1,136,Canada
U10124,12/10/2019,15/10/2019,2,3,Canada
U10125,12/10/2019,12/10/2019,1,117,Brazil
U10125,12/10/2019,13/10/2019,2,110,Brazil
U10125,12/10/2019,14/10/2019,0,15,Brazil
U10126,12/10/2019,12/10/2019,0,133,United States
U10126,12/10/2019,14/10/2019,0,3,United States
U10126,12/10/2019,15/10/2019,2,139,United States
U10127,12/10/2019,12/10/2019,1,88,Mexico
U10127,12/10/2019,13/10/2019,2,87,Mexico
U10127,12/10/2019,15/10/2019,2,13,Mexico
U10128,12/10/2019,12/10/2019,0,68,United States
U10128,12/10/2019,13/10/2019,0,18,United States
U10128,12/10/2019,14/10/2019,2,8,United States
U10128,12/10/2019,15/10/2019,0,164,United States
U10129,12/10/2019,12/10/2019,2,89,Brazil
U10129,12/10/2019,13/10/2019,2,40,Brazil
U10129,12/10/2019,14/10/2019,2,192,Brazil
U10129,12/10/2019,15/10/2019,1,17,Brazil
U10130,12/10/2019,12/10/2019,2,110,Canada
U10130,12/10/2019,13/10/2019,1,69,Canada
U10130,12/10/2019,14/10/2019,1,6,Canada
U10130,12/10/2019,15/10/2019,1,70,Canada
U10131,12/10/2019,12/10/2019,1,176,Canada
U10131,12/10/2019,13/10/2019,2,173,Canada
U10131,12/10/2019,14/10/2019,2,40,Canada
U10131,12/10/2019,15/10/2019,1,42,Canada
U10132,12/10/2019,12/10/2019,1,31,Brazil
U10132,12/10/2019,15/10/2019,1,14,Brazil
U10133,13/10/2019,13/10/2019,1,80,United States
U10133,13/10/2019,14/10/2019,1,19,United States
U10133,13/10/2019,15/10/2019,2,144,United States
U10134,13/10/2019,13/10/2019,1,73,United States
U10134,13/10/2019,15/10/2019,1,5,United States
U10135,13/10/2019,13/10/2019,1,113,United States
U10135,13/10/2019,15/10/2019,2,2,United States
U10136,13/10/2019,13/10/2019,3,58,Canada
U10136,13/10/2019,14/10/2019,2,4,Canada
U10136,13/10/2019,15/10/2019,1,55,Canada
U10137,13/10/2019,13/10/2019,2,26,United States
U10137,13/10/2019,14/10/2019,2,16,United States
U10137,13/10/2019,15/10/2019,2,61,United States
U10138,13/10/2019,13/10/2019,2,93,United States
U10138,13/10/2019,14/10/2019,1,4,United States
U10138,13/10/2019,15/10/2019,2,17,United States
U10139,13/10/2019,13/10/2019,2,35,Brazil
U10139,13/10/2019,14/10/2019,2,138,Brazil
U10139,13/10/2019,15/10/2019,0,25,Brazil
U10140,13/10/2019,13/10/2019,1,35,Canada
U10140,13/10/2019,15/10/2019,2,42,Canada
U10141,13/10/2019,13/10/2019,1,62,Canada
U10141,13/10/2019,14/10/2019,1,73,Canada
U10141,13/10/2019,15/10/2019,0,72,Canada
U10142,13/10/2019,13/10/2019,0,42,Mexico
U10142,13/10/2019,14/10/2019,2,55,Mexico
U10142,13/10/2019,15/10/2019,0,25,Mexico
U10143,13/10/2019,13/10/2019,2,54,United States
U10143,13/10/2019,15/10/2019,2,73,United States
U10144,13/10/2019,13/10/2019,1,60,United States
U10144,13/10/2019,14/10/2019,1,124,United States
U10145,13/10/2019,13/10/2019,0,136,Mexico
U10145,13/10/2019,14/10/2019,2,53,Mexico
U10146,13/10/2019,13/10/2019,1,195,Brazil
U10146,13/10/2019,15/10/2019,2,138,Brazil
U10147,14/10/2019,14/10/2019,2,43,United States
U10148,14/10/2019,14/10/2019,3,132,Mexico
U10149,14/10/2019,14/10/2019,1,85,United States
U10149,14/10/2019,15/10/2019,1,14,United States
U10150,14/10/2019,14/10/2019,1,58,United States
U10150,14/10/2019,15/10/2019,1,16,United States
U10151,14/10/2019,14/10/2019,1,132,United States
U10151,14/10/2019,15/10/2019,2,24,United States
U10152,14/10/2019,14/10/2019,1,131,United States
U10152,14/10/2019,15/10/2019,2,44,United States
U10153,14/10/2019,14/10/2019,2,25,United States
U10153,14/10/2019,15/10/2019,1,148,United States
U10154,14/10/2019,14/10/2019,0,80,Canada
U10155,14/10/2019,14/10/2019,1,154,United States
U10155,14/10/2019,15/10/2019,2,52,United States
U10156,14/10/2019,14/10/2019,1,36,Canada
U10156,14/10/2019,15/10/2019,2,4,Canada
U10157,14/10/2019,14/10/2019,3,38,Mexico
U10158,15/10/2019,15/10/2019,1,84,Brazil
U10159,15/10/2019,15/10/2019,1,63,United States
U10160,15/10/2019,15/10/2019,2,84,Canada
U10161,15/10/2019,15/10/2019,2,206,United States
U10162,15/10/2019,15/10/2019,2,91,Canada
U10163,15/10/2019,15/10/2019,0,153,Brazil
U10164,15/10/2019,15/10/2019,1,50,United States
U10165,15/10/2019,15/10/2019,2,96,United States
U10166,15/10/2019,15/10/2019,1,49,Canada
U10167,15/10/2019,15/10/2019,2,42,Canada
